keyword|searchword|mword|oword|rword
above_average|aboveaverage
above_average|above average
above_average|Above avg
adorable|adorable|not adorable,not so adorable,not that adorable
amazed|amazed|not amazed,not so amazed,not that amazed
amazing|amazin|not amazin,not so amazin,not that amazin
amazing|amazing|not amazing,not so amazing,not that amazing
amused|amused|not amused,not so amused,not that amused
amused|amuzed|not amuzed,not so amuzed,not that amuzed
applause|applause
average|average| |below average|above average
average|avg| |below avg|above avg
awesome|awesome|not awesome,not that awesome,not so awesome
awesome|awesm|not awesm,not that awesm,not so awesm
awesome|awesme|not awesme,not that awesme,not so awesme
awesome|awesmmmm|not awesmmmm,not that awesmmmm,not so awesmmmm
awesome|awesum|not awesum,not that awesum,not so awesum
awesome|awsm|not awsm,not that awsm,not so awsm
awesome|awsmm|Not awsmm,not that awsmm,not so awsmm
awesome|awsome|not awsome,not that awsome,not so awsome
awesome|Awsum|not Awsum,not that Awsum,not so Awsum
awesome|awsom|not awsom,not that awsom,not so awsom
awesome|Awsumm|not Awsumm,not that Awsumm,not so Awsumm
awesome|Osm|not Osm,not that Osm,not so Osm
awesome|owsum|not owsum,not that owsum,not so owsum
awesome|owsome|not owsome,not that owsome,not so owsome
awesome|oossumm|not oossumm,not that oossumm,not so oossumm
awesome|awesom|not awesom,not that awesom,not so awesom
awesome|awesummm|not awesummm,not that awesummm,not so awesummm
awesome|awesomeeeee|not awesomeeeee,not that awesomeeeee,not so awesomeeeee
awesomeness|awesomeness
beautiful|beautiful|not so beautiful,not that beautiful,not beautifully,not so beautifully,not that beautifully|not beautiful,not a beautiful
beauty_of_a_film|beauty of a film
best|best|not the best| |one of the best,bestest,bestseller,best seller
blown_away|Blown away
blown_away|Blownaway
f.a.b|F.A.B
faaaaaab|Faaaaaab
fab|fab
breathtaking|Breathtaking|not that Breathtaking
breathtaking|Breath taking|not that Breath taking
brilliant|brilliant|not brilliant,not a brilliant,not so brilliant,not that brilliant
charming|charming|not charming,not that charming,not so charming
clapping|clapping| | |were not clapping,no clapping
claps|claps| | |no claps
class_apart|class apart
class_apart|classapart
colorful|colorful|not that colorful,not so colorful| |not colorful,not a colorful|colorfull
colorful|colorfull|not that colorfull,not so colorfull| |not colorfull,not a colorfull
colorful|colourful|not that colourful,not so colourful| |not colourful,not a colourful|colourfull
colorful|colourfull|not that colourfull,not so colourfull| |not colourfull,not a colourfull
commendable|commendable
cool|cool|not a cool,not that cool,not so cool| |win cool
couldn't_be_better|could not be better
couldn't_be_better|couldnt be better
couldn't_be_better|Couldn't be better
couldn't_be_done|Couldn't be done
cute|cute|not a cute,not so cute,not that cute
decent|decent| |not a decent,not decent
delight to watch|Delight To Watch
delighted|delighted
descent|descent|not a descent
different_film|different film
different_movie|different movie
do_not_avoid|do not avoid
do_not_avoid|dont avoid
do_not_avoid|don't avoid
do_not_give_a_miss|Don't give a miss
do_not_give_a_miss|don't give a miss
do_not_give_a_miss|dont give a miss
do_not_give_a_miss|do not give a miss
do_not_miss|Dnt miss
do_not_miss|do not miss
do_not_miss|don't miss
do_not_miss|Don't miss
do_not_miss|dont miss
do_see|Do see
do_watch|do watch
does_not_put_you_off|does not put you off
does_not_put_you_off|doesn't put you off
does_not_put_you_off|doesn put you off
electrifying|electrifying
embracing|embracing
endearing|Endearing|not that endearing,not so endearing|Not endearing,not an endearing
energetic|energetic|not so energetic,not that energetic,not very energetic|not an energetic
engaging|engaging|not that engaging,not so engaging,not very engaging|not engaging,not an engaging
engrossing|engrossing|not that engrossing,not so engrossing,not very engrossing|not engrossing,not an engrossing
enjoyable|enjoyable|not that enjoyable,not so enjoyable|not enjoyable,not at all enjoyable,not an enjoyable
enjoyed|enjoyed
enjoyed|njoyed
enjoying|Enjoying| |not enjoying
entertained|entertained| |not entertained,not at all entertained
entertained|entertaind| |not entertaind,not at all entertaind
entertainer|entertainer| |not an entertainer,not at all an entertainer,predictable entertainer
entertaining|entertaining|not so entertaining,not that entertaining,not that much entertaining,Wasn't thoroughly entertaining,isn't thoroughly entertaining|Not entertaining,not an entertaining,nothing entertaining
entertains|entertains
epic|epic|not an epic,not epic,nothing epic|epic fail,epic disaster,epic failure,epic failures
excellent|excellent|not excellent,not an excellent
excellent|execelent|not execelent,not an execelent
excellent|execelent|not execelent,not an execelent
exceptional|exceptional
exciting|exciting|not as exciting,not so exciting,not that much exciting,not that exciting,not very exciting|not at all exciting,nothing exciting,not an exciting
extraordinary|extraordinary|nothing extraordinary,not extraordinary,not an extraordinary
extraordinary|extra ordinry|nothing extra ordinry,not extra ordinry,not an extra ordinry
extraordinary|extra ordinary|nothing extra ordinary,not extra ordinary,not an extra ordinary
extraordinary|extra-ordinary|nothing extra-ordinary,not extra-ordinary,not an extra-ordinary
exuberant|exuberant|nothing exuberant
fabulous|fabulous|nothing fabulous,not fabulous
fantabulous|fantabulous|Nothing fantabulous,not fantabulous
fantastic|fantastic|nothing fantastic
fantastically|fantastically
feel_good|feel good|not that feel good,not tht feel good,not so feel good,not very feel good|not a feel good,wasn't feel good,isn't feel good
feel_good|feelgood|not that feelgood,not tht feelgood,not so feelgood,not very feelgood|not a feelgood,wasn't feelgood,isn't feelgood
feel_happy|feel happy|not that feel happy,not tht feel happy,not so feel happy,not very feel happy|not a feel happy,wasn't feel happy,isn't feel happy
feeling_elated|feeling elated
feeling_fresh|Feeling fresh
feeling_good|feeling good| |not feeling good
feeling_happy|feeling happy| |not feeling happy
fresh|fresh| |nothing fresh|Feeling fresh
fun|fun| |wasn't fun,not fun,no fun|fun cinemas,fun cinema,fun square,fun republic,fun fiesta,fun and fame,fun fact,fun contest
funny|funny|not that funny,not so funny,not that much funny|isn't funny,not funny,not at all funny,wasn't funny
flawless|flawless|Not flawless,not a flawless
flawless|Flaw less|Not flaw less,not a flaw less
gem|gem
glorious|glorious
go_and_watch|go and watch| |dont go and watch,don't go and watch
go_and_watch|Go n Watch| |dont go and watch,don't go and watch
go_and_watch|Go & watch| |dont go and watch,don't go and watch
go_for_it|Go for it| |not go for it,don't go for it,dont go for it
go_watch|go watch| |not go watch,don't go watch
go_watch|gowatch| |not gowatch,don't gowatch
good|gd|not that gd,not that much gd,not so gd,not as gd|not gd,wasn't gd,isn't gd,nothing gd
good|gud|not that gud,not that much gud,not so gud,not as gud|not gud,wasn't gud,isn't gud,nothing gud
good|good|not that good,not that much good,not so good,not as good|only good,nt good,not good,not a good,wasn't good,isn't good,nothing good,nothing is good|good luck,good example,good news,good way,good friday,good to,good read,good fight,good night,no good,good friend,good way,good thing,good things,good talk,good money,good that,good talk,good for
good|goood|not that goood,not that much goood,not so goood,not as goood|not goood,wasn't goood,isn't goood,nothing goood
great|gr8|not a gr8,not that gr8,not so gr8,not that much gr8,nothing gr8
great|great|not a great,not that great,not so great,not that much great,nothing great
great|grt|not a grt,not that grt,not so grt,not that much grt,nothing grt
had_a_blast|Had a blast
justice|justice| |has not done justice,have not done justice,no justice,do justice,didn't do any justice,didn't do justice
hats_off|hats off
heart_melting|Heart melting
heart_melting|Heartmelting
heart_touching|heart touching
heart_touching|hearttouching
heart_warming|Heart warming
heart_warming|heartwarming
hilarious|hilarious| |not hilarious,nothing hilarious
hits_a_bulls_eye|hits a bulls eye
hits_bulls_eye|hits bulls eye
i_like|I like
impeccable|impeccable
impressed|impressed|not that impressed,not that much impressed,not very impressed,not so impressed,wasn't very impressed,wasn't so impressed,wasn't that much impressed|not impressed,not at all impressed,wasn't impressed
impressive|impressive|not that impressive,isn't that impressive,wasn't that impressive,not so impressive,isn't very impressive,wasn't very impressive|isn't impressive,wasn't impressive,less than impressive,not at all impressive,nothing impressive
in_love_with|In love with
incredible|incredible|not an incredible,wasn't incredible
inexplicable|inexplicable
interesting|interesting|not so interesting,not that interesting,not very interesting,wasn't very interesting,wasn't so interesting,wasn't that interesting|not at all interesting,nothing interesting,not interesting,not an interesting,wasn't interesting,not as interesting|make it interesting,making it interesting
irresistible|irresistible
jhakaas|jhakaas
kick_ass|kickass
kick_ass|Kick ass
kudos|kudos
laugh_riot|laugh riot|not a laugh riot
laughed|laughed
laughter_riot|laughter riot|not a laughter riot
laughter_riot|laugher riot|not a laugher riot
likable|likable| |nothing likable,not likable,isn't likable,wasn't likable,aren't likable,weren't likable
liked|liked
lovable|lovable| |not lovable,not a lovable,nothing lovable
loved|loved
loved|Loveddd
loved|lovved
loved|Looooved
loved|loooved
loved|luvd
loved|luved
loved|lvd
lovely|lovely
loving|loving
marvelous|marvellous
marvelous|marvelous
mast_movie|mast movie
masterpiece|Master piece|Not a master piece,no master piece,isn't a master piece,wasn't a master piece
masterpiece|masterpiece|not a masterpiece,no masterpiece,isn't a masterpiece,wasn't a masterpiece
mesmerized|mesmerized
mesmerizing|mesmerising|nothing mesmerising
mesmerizing|mesmerizing|Nothing mesmerizing
mindblowing|mind blowing|not mind blowing,not a mind blowing,isn't mind blowing,isn't a mind blowing,wasn't mind blowing,wasn't a mind blowing,nothing mind blowing
mindblowing|mindblowing|not mindblowing,not a mindblowing,isn't mindblowing,isn't a mindblowing,wasn't mindblowing,wasn't a mindblowing,nothing mindblowing
mindblowing|Mind-blowing|not mind-blowing,not a mind-blowing,isn't mind-blowing,isn't a mind-blowing,wasn't mind-blowing,wasn't a mind-blowing,nothing mind-blowing
mindboggling|mindboggling|not mindboggling,not a mindboggling,isn't mindboggling,isn't a mindboggling,wasn't mindboggling,wasn't a mindboggling,nothing mindboggling
mindboggling|Mind boggling|not mind boggling,not a mind boggling,isn't mind boggling,isn't a mind boggling,wasn't mind boggling,wasn't a mind boggling,nothing mind boggling
movie_to_watch|movie to watch| |not a movie to watch,isn't a movie to watch,wasn't a movie to watch,which movie to watch
must_see|must see|Not must see,not a must see,isn't must see,isn't a must see,wasn't must see,wasn't a must see
must_see|mustsee|Not mustsee,not a mustsee,isn't mustsee,isn't a mustsee,wasn't mustsee,wasn't a mustsee
must_to_see|must to see|Not must to see,not a must to see,isn't must to see,isn't a must to see,wasn't must to see,wasn't a must to see
must_to_watch|must to watch|Not must to watch,not a must to watch,isn't must to watch,isn't a must to watch,wasn't must to watch,wasn't a must to watch
must_watch|mst watch|not mst watch,not a mst watch,isn't mst watch,isn't a mst watch,wasn't mst watch,wasn't a mst watch,nothing like a mst watch
must_watch|must watch|not must watch,not a must watch,isn't must watch,isn't a must watch,wasn't must watch,wasn't a must watch,nothing like a must watch
must_watch|mustwatch|Not mustwatch,not a mustwatch,isn't mustwatch,isn't a mustwatch,wasn't mustwatch,wasn't a mustwatch,nothing like a mustwatch
my_favorite_movie|my fav movie|not my fav movie,isn't my fav movie,wasn't my fav movie
my_favorit_movie|my favorite movie|not my favorite movie,isn't my favorite movie,wasn't my favorite movie
my_favorite_movie|my favourite movie|not my favourite movie,isn't my favourite movie,wasn't my favourite movie
neat|neat
never_disappoints|never dissapoints
never_disappoints|never disappoints
nice|nice|not very nice,not so nice,not that nice|not nice,isn't nice,isn't a nice,wasn't nice,wasn't a nice
nice|nic|not very nic,not so nic,not that nic|not nice,isn't nic,isn't a nic,wasn't nic,wasn't a nic
nice|nyc|not very nyc,not so nyc,not that nyc|not nyc,isn't nyc,isn't a nyc,wasn't nyc,wasn't a nyc
no_nonsense|No nonsense
not_a_miss|not a miss
not_to_be_missed|not to be missed
ok_ok|ok ok|ok ok
ok_ok|oki oki|oki oki
ok_ok|okie okie|okie okie
omg|omg| | |Wanna watch,want to watch
one_of_the_best|one of the best|not one of the best movie,isn't one of the best movie,wasn't one of the best movie
one_of_the_bestest_movie|one of the bestest movie
one_of_the_better|one of the better
one_of_the_finest|One of the finest
one_time_watch|1 time watch| |not even a 1 time watch,not even 1 time watch
one_time_watch|one time watch| |not even a one time watch,not even one time watch
one_time_watch|1timewatch| |not even a 1timewatch,not even 1timewatch
one_time_watch|onetimewatch| |not even a onetimewatch,not even onetimewatch
one_time_watchable|One time watchable
outstanding|outstanding|not outstanding,not an outstanding,isn't outstanding,isn't an outstanding,wasn't outstanding,wasn't an outstanding,nothing outstanding
overwhelmed|overwhelmed
paisa_vasool|paisa vasool| |Not paisa vasool,not a paisa vasool,isn't paisa vasool,isn't a paisa vasool,wasn't paisa vasool,wasn't a paisa vasool
paisa_vasool|paisavasool| |Not paisavasool,not a paisavasool,isn't paisavasool,isn't a paisavasool,wasn't paisavasool,wasn't a paisavasool
paisa_vasool|Paisa vassul| |Not Paisa vassul,not a Paisa vassul,isn't Paisa vassul,isn't a Paisa vassul,wasn't Paisa vassul,wasn't a Paisa vassul
paisa_vasool|paisawasool| |Not paisawasool,not a paisawasool,isn't paisawasool,isn't a paisawasool,wasn't paisawasool,wasn't a paisawasool
paisa_vasool|paisa wasool| |Not paisa wasool,not a paisa wasool,isn't paisa wasool,isn't a paisa wasool,wasn't paisa wasool,wasn't a paisa wasool
paisa_vasool|Paisa vassol| |Not Paisa vassol,not aPaisa vassol,isn't Paisa vassol,isn't a Paisa vassol,wasn't Paisa vassol,wasn't a Paisa vassol
paisa_vasool|Paisa vasul| |Not Paisa vasul,not aPaisa vasul,isn't Paisa vasul,isn't aPaisa vasul,wasn't Paisa vasul,wasn't a Paisa vasul
paisa_vasool|Paisa wasul| |Not Paisa wasul,not aPaisa wasul,isn'tPaisa wasul,isn't a Paisa wasul,wasn't Paisa wasul,wasn't a Paisa wasul
phenomenal|phenomenal|not phenomenal,isn't phenomenal,wasn't phenomenal,nothing phenomenal
pleasant|pleasant| |not pleasant,not a pleasant,isn't pleasant,isn't a pleasant,wasn't pleasant,wasn't a pleasant,nothing pleasant
poignant|poignant
positivity|positivity
proud|proud
will_recommend|will recommend
recommended|recommended| |not recommended
recommending|recommending| |not recommending
refreshing|refreshing| |not refreshing,not a refreshing,isn't refreshing,isn't a refreshing,wasn't refreshing,wasn't a refreshing,nothing refreshing
refreshingly|refreshingly
remarkable|remarkable|nothing remarkable
rocked|rocked
rocking|rocking
rocks|rocks
rules|rules
salute|salute
satisfied|satisfied|not that satisfied,not so satisfied|not satisfied
satisfying|satisfying|not very satisfying,isn't very satisfying|wasn't satisfying,isn't satisfying
sensational|sensational|nothing sensational
sensible|sensible| |not sensible,not a sensibleisn't sensible,isn't a sensible,wasn't sensible,wasn't a sensible
should_watch|should_watch
sizzling|sizzling
smart|smart| |not a smart,isn't a smart,wasn't a smart
smile|smile
sold_out|sold out
sold_out|soldout
soulful|soulful
spectacular|spectacular
speechless|speechless
splendid|splendid
standing ovation|standing ovation
stellar|stellar
stress_buster|stressbuster
stress_buster|Stress buster
stunned|stunned
stunner|stunner
stunning|stunning
stupendous|stupendous
super|super|not a super,isn't a super,wasn't a super,nothing super|super flop,super boring,super crap,super power,super clich
superb|superb
superb|supprbb
superb|Suuuuuperb 
superb|Suprb
superbly|superbly
sweet|sweet|not sweet,not a sweet,isn't sweet,isn't a sweet,wasn't sweet,wasn't a sweet,nothing sweet|sweetie,sweety
sweetest|sweetest
take_a_bow|take a bow
terrific|terrific
thrilling|thrilling
thumbs_up|thumbs up
thumbs_up|thumbsup
thumbs_up|thums up
thumbs_up|ThumsUp
time_pass|time pass| |not a time pass,not timepass
time_pass|timepass| |not a timepass,not timepass
time_pass|tym pass| |not a tym pass,not tym pass
time_pass|tympass| |not a tympass,not tympass
touched_heart|Touched heart
touched_my_heart|touched my heart
touching|touching
treat_to_eyes|treat to eyes
treat_to_watch|treat to watch
tremendous|tremendous
unique|unique|not very unique,not so unique|not unique,isn't unique,wasn't unique,nothing unique
versatile|versatile
vibrant|vibrant
want_to_see_again|want to see again
want_to_see_it_again|want to see it again
watch_it|watch it| |don't watch it,dont watch it,can't even watch it|go watch it,go and watch it,watch it or not,to watch it,wanna watch it,gonna watch it,did watch it,u watch it,you watch it
watch_it|watchit
watchable|Watchable| |not Watchable,isn't Watchable,wasn't Watchable,doesn't make|is it Watchable,was it Watchable
well_conceived|well conceived
well_deserved|well deserved
well_done|well done
well_done|welldone
well_filmed |well filmed
well_made|Well made
well_made|Wellmade
what_a_movie|what a movie
what_a_movie|what a moviee
what_a_movie|whatte movie
what_a_movie|wt a movie
what_a_movie|what a muvi
what_a_treat|what a treat
whistles|whistles|no whistles
will_not_be_disappointed|will not be disappointed
winner|winner| |not a winner,isn't a winner,wasn't a winner
won't_be_disappointed|won't be disappointed
won't_regret|won't regret
won't_regret|wont regret
wonderful|wonderful|nothing wonderful
wonderful|wonderfull|nothing wonderfull
works|works
worth_a_watch|worth a watch| |not worth a watch,isn't worth a watch,wasn't worth a watch
worth_seeing|Worth seeing| |not Worth seeing,isn't Worth seeing,wasn't Worth seeing
worth_watch|worth watch| |not worth watch,isn't worth watch,wasn't worth watch
worth_watching|worth watchin| |not worth watchin,isn't worth watchin,wasn't worth watchin
worth_watching|worth watching| |not worth watching,isn't worth watching,wasn't worth watching|?
worthwhile|worthwhile| |not worthwhile,isn't worthwhile,wasn't worthwhile,nothing worthwhile
would_recommend|would recommend
wow|wow
wowed|Wowed
ok_film|Ok film|Ok film
ok_movie|ok movie|ok movie
okayish|okayish|okayish
convinced|convinced| |not at all convinced,not convinced
convincing|convincing|not very convincing,not so convincing,not that convincing|not at all convincing,not convincing
storms|storms
justified|justified
rewatch|re watch
rewatch|rewatch
winning_hearts|winning hearts
win_hearts|win hearts
worth_it|worth it| |not worth it,not at all worth it
solid|solid
waoh|waoh
intense|intense
worth_watch|wrth watch
cant_ignore|cant ignore
can't_ignore|can't ignore
goodmovie|goodmovie
goodfilm|goodfilm
complete_entertainment|complete entertainment
full_entertainment|full entertainment
exceeds_expectations|Exceeds Expectations
goodcinema|goodcinema
milestone|milestone
family_film|family film
funtime|funtime
can't_miss|can't miss
cant't_miss|cant miss
must-watch|must-watch
obsessed|obsessed
was_ok|was ok|was ok
is_ok|is ok|is ok
k_k|k k|k k
comeback|comeback
superhit|superhit
respect|respect
oh_my_god|oh my god
outshines|outshines
wholesome|wholesome
brilliance|brilliance
brilliantly|brilliantly
what_a_film|what a film
bestest|bestest
perfect_movie|perfect movie
perfection|perfection
